name,category,rating,reviews,phone,address,maps_url
Vétérinaire MITVET,Veterinarian,4.9,13.0,0697 39 49 73,260 logements n 212,https://www.google.com/maps/place/V%C3%A9t%C3%A9rinaire+MITVET/data=!4m7!3m6!1s0x12f05fa2b6f4cd8b:0x7d7bd3d32f539614!8m2!3d36.4494195!4d7.4319846!16s%2Fg%2F11rg9l1xvs!19sChIJi830tqJf8BIRFJZTL9PTe30?authuser=0&hl=en&rclk=1
Vétérinaire بيطري,Veterinarian,5.0,4.0,0676 13 66 95,"FC9C+GJ8, Bd du Volontariat",https://www.google.com/maps/place/V%C3%A9t%C3%A9rinaire+%D8%A8%D9%8A%D8%B7%D8%B1%D9%8A%E2%80%AD/data=!4m7!3m6!1s0x12f05d007a71706f:0x86436aa5c33bdaed!8m2!3d36.468845!4d7.4215498!16s%2Fg%2F11y153hjyn!19sChIJb3BxegBd8BIR7do7w6VqQ4Y?authuser=0&hl=en&rclk=1
Clinique vétérinaire Dr Nigri charif,Animal hospital,3.3,7.0,0661 28 27 58,·,https://www.google.com/maps/place/Clinique+v%C3%A9t%C3%A9rinaire+Dr+Nigri+charif/data=!4m7!3m6!1s0x12f05fd5be8b7489:0xa491c9293821e927!8m2!3d36.453277!4d7.435167!16s%2Fg%2F11j0brsdzm!19sChIJiXSLvtVf8BIRJ-khOCnJkaQ?authuser=0&hl=en&rclk=1
VET-CLINIC,Animal hospital,5.0,8.0,0662 30 07 30,"numéro 07, Rue Ali chorfi",https://www.google.com/maps/place/VET-CLINIC/data=!4m7!3m6!1s0x12f05dfa4861495d:0x6fa238672c0ed259!8m2!3d36.4701188!4d7.43529!16s%2Fg%2F11w98yd194!19sChIJXUlhSPpd8BIRWdIOLGc4om8?authuser=0&hl=en&rclk=1
Green House vet clinic,Veterinarian,5.0,1.0,0672 57 19 44,"CCRR+V2W, A4",https://www.google.com/maps/place/Green+House+vet+clinic/data=!4m7!3m6!1s0x12f061e1478e61af:0x60431d0c4c1bbc41!8m2!3d36.4422483!4d7.440072!16s%2Fg%2F11l6l430w_!19sChIJr2GOR-Fh8BIRQbwbTAwdQ2A?authuser=0&hl=en&rclk=1
ANIMAL WORLD,Animal hospital,5.0,2.0,0663 17 69 71,·,https://www.google.com/maps/place/ANIMAL+WORLD/data=!4m7!3m6!1s0x12f05f47998810e5:0x674fffcb7f0e822f!8m2!3d36.4557011!4d7.4256603!16s%2Fg%2F11jsmk50dp!19sChIJ5RCImUdf8BIRL4IOf8v_T2c?authuser=0&hl=en&rclk=1
Vétérinaire Dr.HAMLAOUI Veterinary عياده بيطريه د.حملاوي,Animal hospital,1.0,2.0,0664 01 73 11,·,https://www.google.com/maps/place/V%C3%A9t%C3%A9rinaire+Dr.HAMLAOUI+Veterinary+%D8%B9%D9%8A%D8%A7%D8%AF%D9%87+%D8%A8%D9%8A%D8%B7%D8%B1%D9%8A%D9%87+%D8%AF.%D8%AD%D9%85%D9%84%D8%A7%D9%88%D9%8A%E2%80%AD/data=!4m7!3m6!1s0x12f05e0bd241af8d:0x4691bcdf39fdc8ce!8m2!3d36.46201!4d7.4213113!16s%2Fg%2F11gfnfmtp2!19sChIJja9B0gte8BIRzsj9Od-8kUY?authuser=0&hl=en&rclk=1
Clinique Vétérinaire Elita,Animal hospital,4.3,14.0,0665 69 42 49,·,https://www.google.com/maps/place/Clinique+V%C3%A9t%C3%A9rinaire+Elita/data=!4m7!3m6!1s0x12f05dae79eb9521:0x541f4f1ac4c44404!8m2!3d36.4666176!4d7.4334324!16s%2Fg%2F11vkpmm6xk!19sChIJIZXrea5d8BIRBETExBpPH1Q?authuser=0&hl=en&rclk=1
Cabinet vétérinaire Dr MOUASSA,Veterinarian,5.0,6.0,0550 38 96 42,"romain, Théâtre",https://www.google.com/maps/place/Cabinet+v%C3%A9t%C3%A9rinaire+Dr+MOUASSA/data=!4m7!3m6!1s0x12f05d1e9725b065:0x9a87fd7130d6c568!8m2!3d36.4671112!4d7.4295349!16s%2Fg%2F11tff37r3s!19sChIJZbAllx5d8BIRaMXWMHH9h5o?authuser=0&hl=en&rclk=1
Cabinet Vétérinaire l'Espoir (Dr. CHEKATI),Veterinarian,4.8,5.0,0666 94 19 53,·,https://www.google.com/maps/place/Cabinet+V%C3%A9t%C3%A9rinaire+l%27Espoir+%28Dr.+CHEKATI%29/data=!4m7!3m6!1s0x12f066ac92f4b993:0x693d660ffae5883d!8m2!3d36.4612737!4d7.5154095!16s%2Fg%2F11bzzs3cm1!19sChIJk7n0kqxm8BIRPYjl-g9mPWk?authuser=0&hl=en&rclk=1
cabinet biline vétérinaire,Animal hospital,5.0,2.0,0676 02 67 80,VP3R+M2C,https://www.google.com/maps/place/cabinet+biline+v%C3%A9t%C3%A9rinaire/data=!4m7!3m6!1s0x12f009003b0830f3:0x9a7533e247676f2b!8m2!3d36.85418!4d7.7400052!16s%2Fg%2F11lcn0bdmj!19sChIJ8zAIOwAJ8BIRK29nR-IzdZo?authuser=0&hl=en&rclk=1
Cabinet vétérinaire elaleef عيادة الأليف البيطرية,Veterinarian,5.0,1.0,0795 80 23 97,"FC68+GR6, Bd du Volontariat",https://www.google.com/maps/place/Cabinet+v%C3%A9t%C3%A9rinaire+elaleef+%D8%B9%D9%8A%D8%A7%D8%AF%D8%A9+%D8%A7%D9%84%D8%A3%D9%84%D9%8A%D9%81+%D8%A7%D9%84%D8%A8%D9%8A%D8%B7%D8%B1%D9%8A%D8%A9%E2%80%AD/data=!4m7!3m6!1s0x12f05f00743f0eb1:0x97d15828574ac4c3!8m2!3d36.4613256!4d7.4170242!16s%2Fg%2F11wy3gxrt6!19sChIJsQ4_dABf8BIRw8RKVyhY0Zc?authuser=0&hl=en&rclk=1
Cabinet Vétérinaire Lady VeT,Veterinarian,4.0,2.0,,,https://www.google.com/maps/place/Cabinet+V%C3%A9t%C3%A9rinaire+Lady+VeT/data=!4m7!3m6!1s0x12f05d5e8cf40383:0x3d0e3ad672385c3!8m2!3d36.5062215!4d7.3997892!16s%2Fg%2F11y1xyvc4p!19sChIJgwP0jF5d8BIRw4UjZ63j0AM?authuser=0&hl=en&rclk=1
Cabinet vétérinaire Dr Meguenai El Mehdi,Veterinarian,5.0,2.0,0661 26 48 15,H8RH+M4M,https://www.google.com/maps/place/Cabinet+v%C3%A9t%C3%A9rinaire+Dr+Meguenai+El+Mehdi/data=!4m7!3m6!1s0x12f0453524ac420b:0x7201a4ca80fca050!8m2!3d36.5917224!4d7.3278075!16s%2Fg%2F11kqh8705q!19sChIJC0KsJDVF8BIRUKD8gMqkAXI?authuser=0&hl=en&rclk=1
Cabinet Vétérinaire Dr NASRI MED RAMI,Veterinarian,5.0,5.0,0699 02 23 11,·,https://www.google.com/maps/place/Cabinet+V%C3%A9t%C3%A9rinaire+Dr+NASRI+MED+RAMI/data=!4m7!3m6!1s0x12f05f3e06799983:0xe10c118d93df0485!8m2!3d36.4564893!4d7.4293441!16s%2Fg%2F11sgvhr_45!19sChIJg5l5Bj5f8BIRhQTfk40RDOE?authuser=0&hl=en&rclk=1
CABINET VETERINAIRE DAHMECHE'S,Veterinarian,3.6,5.0,,"42, Tahar",https://www.google.com/maps/place/CABINET+VETERINAIRE+DAHMECHE%27S/data=!4m7!3m6!1s0x12f05f8c617af543:0xf3194ab7138db85d!8m2!3d36.4511071!4d7.4292732!16s%2Fg%2F11gxn2qpk_!19sChIJQ_V6YYxf8BIRXbiNE7dKGfM?authuser=0&hl=en&rclk=1
Vétérinaire samir,Veterinarian,5.0,2.0,0771 47 22 63,"FC9H+VRF, Unnamed Road",https://www.google.com/maps/place/V%C3%A9t%C3%A9rinaire+samir/data=!4m7!3m6!1s0x12f05d6a5a518e5b:0xb9f2d95c22d7a884!8m2!3d36.4696986!4d7.429535!16s%2Fg%2F11qn932mg3!19sChIJW45RWmpd8BIRhKjXIlzZ8rk?authuser=0&hl=en&rclk=1
Cabinet vétérinaire Hedibli Abdelmalek Cité benhergua n2 guelma,Animal hospital,,,0775 45 53 22,Cité benhergua n 2,https://www.google.com/maps/place/Cabinet+v%C3%A9t%C3%A9rinaire+Hedibli+Abdelmalek+Cit%C3%A9+benhergua+n2+guelma/data=!4m7!3m6!1s0x12f05fd366b0f96b:0xa27561423ec9ebfa!8m2!3d36.4627444!4d7.4330833!16s%2Fg%2F11tt8kzg7s!19sChIJa_mwZtNf8BIR-uvJPkJhdaI?authuser=0&hl=en&rclk=1
Dr vétérinaire hediblimalek,Veterinarian,,,0672 45 75 88,,https://www.google.com/maps/place/Dr+v%C3%A9t%C3%A9rinaire+hediblimalek/data=!4m7!3m6!1s0x12f05f0039725633:0x978102c19ca8103e!8m2!3d36.4556974!4d7.4052071!16s%2Fg%2F11wjdnt78x!19sChIJM1ZyOQBf8BIRPhConMECgZc?authuser=0&hl=en&rclk=1
"Cabinet vétérinaire Yanisvet "" Dr Ghouila B""",Veterinarian,,,0655 27 81 01,9GCJ+FV6,https://www.google.com/maps/place/Cabinet+v%C3%A9t%C3%A9rinaire+Yanisvet+%22+Dr+Ghouila+B%22/data=!4m7!3m6!1s0x12f08900735b8ea9:0x673c8ee99673e6b2!8m2!3d36.3711625!4d7.5321406!16s%2Fg%2F11yknvt024!19sChIJqY5bcwCJ8BIRsuZzlumOPGc?authuser=0&hl=en&rclk=1
Vente en gros des produits vétérinaires,Pharmacy,5.0,4.0,,FCF8+HHH,https://www.google.com/maps/place/Vente+en+gros+des+produits+v%C3%A9t%C3%A9rinaires/data=!4m7!3m6!1s0x12f05d6c4a71230d:0x14f201220fde9f93!8m2!3d36.4739487!4d7.4164735!16s%2Fg%2F11fvsqdgd0!19sChIJDSNxSmxd8BIRk5_eDyIB8hQ?authuser=0&hl=en&rclk=1
Cabinet Vétérinaire A.B,Veterinarian,5.0,5.0,0793 91 80 94,Cité des martyrs n°25,https://www.google.com/maps/place/Cabinet+V%C3%A9t%C3%A9rinaire+A.B/data=!4m7!3m6!1s0x12f0791ac13fe593:0x99aa431f4f6e1d03!8m2!3d36.4758679!4d7.7265369!16s%2Fg%2F11j8hxwn9d!19sChIJk-U_wRp58BIRAx1uTx9Dqpk?authuser=0&hl=en&rclk=1
Dr vétérinaire Makhlouf amin,Veterinarian,,,0655 75 18 06,·,https://www.google.com/maps/place/Dr+v%C3%A9t%C3%A9rinaire+Makhlouf+amin/data=!4m7!3m6!1s0x12f045c166b8d357:0xe895b56fa0d87840!8m2!3d36.5995165!4d7.3298069!16s%2Fg%2F11t9pxlk_k!19sChIJV9O4ZsFF8BIRQHjYoG-1leg?authuser=0&hl=en&rclk=1
عيادة بيطرية بوخديمcabinet vétérinaire boukhdim mourad,Veterinarian,5.0,3.0,0671 40 98 89,CCVP+48J، Unnamed Road,https://www.google.com/maps/place/%D8%B9%D9%8A%D8%A7%D8%AF%D8%A9+%D8%A8%D9%8A%D8%B7%D8%B1%D9%8A%D8%A9+%D8%A8%D9%88%D8%AE%D8%AF%D9%8A%D9%85cabinet+v%C3%A9t%C3%A9rinaire+boukhdim+mourad%E2%80%AD/data=!4m7!3m6!1s0x12f05fb3b4bc2a17:0xf3e76e9aa854cffc!8m2!3d36.4428492!4d7.4357543!16s%2Fg%2F11rb4st_c6!19sChIJFyq8tLNf8BIR_M9UqJpu5_M?authuser=0&hl=en&rclk=1
عيادة فرداس البيطرية,Veterinarian,,,0668 12 97 73,· Opens 9 AM,https://www.google.com/maps/place/%D8%B9%D9%8A%D8%A7%D8%AF%D8%A9+%D9%81%D8%B1%D8%AF%D8%A7%D8%B3+%D8%A7%D9%84%D8%A8%D9%8A%D8%B7%D8%B1%D9%8A%D8%A9%E2%80%AD/data=!4m7!3m6!1s0x12f05d0043045423:0x844de2683a88225!8m2!3d36.5027435!4d7.4021208!16s%2Fg%2F11whzk7hwg!19sChIJI1QEQwBd8BIRJYKogybeRAg?authuser=0&hl=en&rclk=1
T-VET,Animal hospital,,,0675 09 30 09,Cité abd el hamid ben badis,https://www.google.com/maps/place/T-VET/data=!4m7!3m6!1s0x12f0450057f2d175:0x720375da5d48672b!8m2!3d36.5899433!4d7.3288274!16s%2Fg%2F11y2yyp__5!19sChIJddHyVwBF8BIRK2dIXdp1A3I?authuser=0&hl=en&rclk=1
Cabinet vétérinaire oxygen,Veterinarian,3.7,3.0,0659 21 78 48,"RP48+XVC, tours",https://www.google.com/maps/place/Cabinet+v%C3%A9t%C3%A9rinaire+oxygen/data=!4m7!3m6!1s0x12f0096464f3191d:0x17978fe4f6af2286!8m2!3d36.80744!4d7.7171351!16s%2Fg%2F11r2jf3_5x!19sChIJHRnzZGQJ8BIRhiKv9uSPlxc?authuser=0&hl=en&rclk=1
EURL Servi Pharm,Veterinary pharmacy,5.0,1.0,0661 54 29 57,Cité ain defla 2 n: 29,https://www.google.com/maps/place/EURL+Servi+Pharm/data=!4m7!3m6!1s0x12f05d6e88a5bd39:0x54d3493e70890021!8m2!3d36.4749372!4d7.4200008!16s%2Fg%2F11qmb8h_y0!19sChIJOb2liG5d8BIRIQCJcD5J01Q?authuser=0&hl=en&rclk=1
Cabinet Vétérinaire Wassim,Veterinarian,5.0,2.0,0674 68 88 08,· Opens 9 AM,https://www.google.com/maps/place/Cabinet+V%C3%A9t%C3%A9rinaire+Wassim/data=!4m7!3m6!1s0x12f07914b44c6d1f:0xb8a7cfc3d5d4c991!8m2!3d36.4717313!4d7.7200424!16s%2Fg%2F11d_tz8hfv!19sChIJH21MtBR58BIRkcnU1cPPp7g?authuser=0&hl=en&rclk=1
Vétérinaire,Veterinarian,,,,JHQX+8GG,https://www.google.com/maps/place/V%C3%A9t%C3%A9rinaire/data=!4m7!3m6!1s0x12f06d004bf8fcd1:0xd4ec206df7e6f854!8m2!3d36.6383097!4d7.5988269!16s%2Fg%2F11ld9_w3dk!19sChIJ0fz4SwBt8BIRVPjm920g7NQ?authuser=0&hl=en&rclk=1
TAIBA PHARM,Veterinary pharmacy,,,0664 88 48 61,"FCF9+W8X, rue 2",https://www.google.com/maps/place/TAIBA+PHARM/data=!4m7!3m6!1s0x12f05df7628d3f69:0x3cc04e43626f58de!8m2!3d36.47485!4d7.4183458!16s%2Fg%2F11j99vf1xl!19sChIJaT-NYvdd8BIR3lhvYkNOwDw?authuser=0&hl=en&rclk=1
Cabinet vétérinaire SVET,Veterinarian,4.9,9.0,0658 25 51 16,23000,https://www.google.com/maps/place/Cabinet+v%C3%A9t%C3%A9rinaire+SVET/data=!4m7!3m6!1s0x12f009003ee20c67:0xb5a5aa4bfd639ebf!8m2!3d36.851407!4d7.7452051!16s%2Fg%2F11y3swyqj5!19sChIJZwziPgAJ8BIRv55j_UuqpbU?authuser=0&hl=en&rclk=1
Clinique vétérinaire chifaa,Animal hospital,,,0672 23 80 77,9G9G+PWQ,https://www.google.com/maps/place/Clinique+v%C3%A9t%C3%A9rinaire+chifaa/data=!4m7!3m6!1s0x12f0897fe60cacf3:0xf436a7599539361d!8m2!3d36.3692284!4d7.527325!16s%2Fg%2F11tnzvqzd5!19sChIJ86wM5n-J8BIRHTY5lVmnNvQ?authuser=0&hl=en&rclk=1
Cabinet veterinaire DR Bousnoubra oussama,Veterinarian,,,0665 36 04 47,8588+587,https://www.google.com/maps/place/Cabinet+veterinaire+DR+Bousnoubra+oussama/data=!4m7!3m6!1s0x12f0ff006f8db72d:0x7e13e174aa64f40b!8m2!3d36.3157992!4d7.1658255!16s%2Fg%2F11vqn9pjr4!19sChIJLbeNbwD_8BIRC_RkqnThE34?authuser=0&hl=en&rclk=1
Cabinet vétérinaire iman s.o.s,Animal hospital,5.0,5.0,0657 48 86 82,VP4W+88Q,https://www.google.com/maps/place/Cabinet+v%C3%A9t%C3%A9rinaire+iman+s.o.s/data=!4m7!3m6!1s0x12f0090051b01629:0x9d5009eaf70c402a!8m2!3d36.8555996!4d7.7453241!16s%2Fg%2F11xlrmjx8n!19sChIJKRawUQAJ8BIRKkAM9-oJUJ0?authuser=0&hl=en&rclk=1
CABINET VÉTÉRINAIRE BOUANK KHALIL,Animal hospital,5.0,1.0,0550 16 08 27,"Q4G6+6PX, Unnamed Road",https://www.google.com/maps/place/CABINET+V%C3%89T%C3%89RINAIRE+BOUANK+KHALIL/data=!4m7!3m6!1s0x12fab92267022ca9:0x69814e5c2bfbe43f!8m2!3d36.775623!4d8.1118627!16s%2Fg%2F11g0vmr3ld!19sChIJqSwCZyK5-hIRP-T7K1xOgWk?authuser=0&hl=en&rclk=1
Cabinet Vétérinaire Ibn Sina,Veterinarian,5.0,7.0,0661 76 34 80,19 rue Chergui Meloude,https://www.google.com/maps/place/Cabinet+V%C3%A9t%C3%A9rinaire+Ibn+Sina/data=!4m7!3m6!1s0x12f059c65797e085:0x6b83b479faec8a79!8m2!3d36.4619283!4d7.2680802!16s%2Fg%2F11vyr2pvx1!19sChIJheCXV8ZZ8BIReYrs-nm0g2s?authuser=0&hl=en&rclk=1
Cabinet vétérinaire Animal House,Animal hospital,,,,C8W5+8M2,https://www.google.com/maps/place/Cabinet+v%C3%A9t%C3%A9rinaire+Animal+House/data=!4m7!3m6!1s0x12f059006eb05467:0x3caf5c979887d6d9!8m2!3d36.4457672!4d7.3091318!16s%2Fg%2F11lv4wbtjw!19sChIJZ1SwbgBZ8BIR2daHmJdcrzw?authuser=0&hl=en&rclk=1
Clinique Vétérinaire Animal Planet,Veterinarian,1.4,9.0,0550 77 45 47,Rte de Sidi Achour,https://www.google.com/maps/place/Clinique+V%C3%A9t%C3%A9rinaire+Animal+Planet/data=!4m7!3m6!1s0x12f007d3a3a503f5:0xfc122b3bdee02058!8m2!3d36.8780911!4d7.7144113!16s%2Fg%2F11k5_w3g44!19sChIJ9QOlo9MH8BIRWCDg3jsrEvw?authuser=0&hl=en&rclk=1
Eurl veto medical,Veterinary pharmacy,4.5,2.0,,MPJR+Q8X,https://www.google.com/maps/place/Eurl+veto+medical/data=!4m7!3m6!1s0x12f075950e26f0f9:0x6ddff27d2892675!8m2!3d36.681998!4d7.7408532!16s%2Fg%2F11rzrxf5qm!19sChIJ-fAmDpV18BIRdSaJ0if_3QY?authuser=0&hl=en&rclk=1
Vétérinaire,Veterinarian,3.0,2.0,,RJ34+7HH,https://www.google.com/maps/place/V%C3%A9t%C3%A9rinaire/data=!4m7!3m6!1s0x12f011fc0e81103d:0x3d0cdde7cf8a2d3f!8m2!3d36.8031859!4d7.6064947!16s%2Fg%2F11c54996qd!19sChIJPRCBDvwR8BIRPy2Kz-fdDD0?authuser=0&hl=en&rclk=1
بيطري,Veterinarian,,,,QJ3R+4CX,https://www.google.com/maps/place/%D8%A8%D9%8A%D8%B7%D8%B1%D9%8A%E2%80%AD/data=!4m7!3m6!1s0x12f00d003acafac1:0xda9d679a0168df9a!8m2!3d36.7528658!4d7.641098!16s%2Fg%2F11ykz7y1p2!19sChIJwfrKOgAN8BIRmt9oAZpnndo?authuser=0&hl=en&rclk=1
"Clinique vétérinaire Healthy vet ""Dr.Zouitene Ayoub""",Animal hospital,4.1,9.0,0659 66 17 13,VPQ8+CF2,https://www.google.com/maps/place/Clinique+v%C3%A9t%C3%A9rinaire+Healthy+vet+%22Dr.Zouitene+Ayoub%22/data=!4m7!3m6!1s0x12f0075333b7fde5:0xa862c0000cab81d9!8m2!3d36.8886809!4d7.7161927!16s%2Fg%2F11k4n_f3j7!19sChIJ5f23M1MH8BIR2YGrDADAYqg?authuser=0&hl=en&rclk=1
Cabinet Mon Veterinaire dr.CHOUAKRIA M,Veterinarian,4.5,21.0,0657 05 85 53,"VPVC+627, Unnamed Road",https://www.google.com/maps/place/Cabinet+Mon+Veterinaire+dr.CHOUAKRIA+M/data=!4m7!3m6!1s0x12f007b8e9af6ddb:0x3079f77563cd551b!8m2!3d36.8930349!4d7.720049!16s%2Fg%2F11m_h1cl8d!19sChIJ222v6bgH8BIRG1XNY3X3eTA?authuser=0&hl=en&rclk=1
H&R vet,Animal hospital,5.0,1.0,0697 21 88 45,RMR7+873,https://www.google.com/maps/place/H%26R+vet/data=!4m7!3m6!1s0x12f00f004ec76073:0x8f56cda5175a0a4f!8m2!3d36.8407625!4d7.6631719!16s%2Fg%2F11y2wwc8p8!19sChIJc2DHTgAP8BIRTwpaF6XNVo8?authuser=0&hl=en&rclk=1
Cabinet vétérinaire Souaki Mohammed Atifعيادة بيطرية سواقي محمد عاطف,Veterinarian,,,0697 41 00 08,·,https://www.google.com/maps/place/Cabinet+v%C3%A9t%C3%A9rinaire+Souaki+Mohammed+Atif%D8%B9%D9%8A%D8%A7%D8%AF%D8%A9+%D8%A8%D9%8A%D8%B7%D8%B1%D9%8A%D8%A9+%D8%B3%D9%88%D8%A7%D9%82%D9%8A+%D9%85%D8%AD%D9%85%D8%AF+%D8%B9%D8%A7%D8%B7%D9%81%E2%80%AD/data=!4m7!3m6!1s0x12f05138d5f9bfc7:0xf784f4528b2a7eef!8m2!3d36.5464715!4d7.2297289!16s%2Fg%2F11vxw_gyhf!19sChIJx7_51ThR8BIR734qi1L0hPc?authuser=0&hl=en&rclk=1
بيطري,Veterinarian,3.0,1.0,,JM9X+5V5,https://www.google.com/maps/place/%D8%A8%D9%8A%D8%B7%D8%B1%D9%8A%E2%80%AD/data=!4m7!3m6!1s0x12f077ccbf64dbcf:0x10171b107011c230!8m2!3d36.6178799!4d7.6997319!16s%2Fg%2F11jycwd5c6!19sChIJz9tkv8x38BIRMMIRcBAbFxA?authuser=0&hl=en&rclk=1
Animale Planet Dr. Mameria,Animal hospital,3.7,12.0,0550 77 45 47,VPF8+RFJ,https://www.google.com/maps/place/Animale+Planet+Dr.+Mameria/data=!4m7!3m6!1s0x12f009af869126e1:0xefab6f5bba5ba4f1!8m2!3d36.8745869!4d7.7161382!16s%2Fg%2F11j1353d4c!19sChIJ4SaRhq8J8BIR8aRbultvq-8?authuser=0&hl=en&rclk=1
Cabinet vétérinaire ANiMa,Emergency veterinarian service,,,,RFJ5+J7,https://www.google.com/maps/place/Cabinet+v%C3%A9t%C3%A9rinaire+ANiMa/data=!4m7!3m6!1s0x12f017118628c0cf:0xfe9c908866a25364!8m2!3d36.8314689!4d7.4581485!16s%2Fg%2F11jyzykxf8!19sChIJz8AohhEX8BIRZFOiZoiQnP4?authuser=0&hl=en&rclk=1
Cabine Dr. Amine Khodja,Animal hospital,4.0,10.0,0672 23 25 83,"VQW4+M43, Rue Chabbi Salah dit Bouchegouf",https://www.google.com/maps/place/Cabine+Dr.+Amine+Khodja/data=!4m7!3m6!1s0x12f007e4a1748ff9:0xb4a3b4d4a02f2f95!8m2!3d36.8966342!4d7.7552984!16s%2Fg%2F11j136ckj6!19sChIJ-Y90oeQH8BIRlS8voNS0o7Q?authuser=0&hl=en&rclk=1
Dr vétérinaire Kh-Younes,Animal hospital,,,,G433+VCM,https://www.google.com/maps/place/Dr+v%C3%A9t%C3%A9rinaire+Kh-Younes/data=!4m7!3m6!1s0x12fa8d002d021c23:0xba17cb9d525e4be4!8m2!3d36.5046547!4d8.103592!16s%2Fg%2F11lykyvbb2!19sChIJIxwCLQCN-hIR5EteUp3LF7o?authuser=0&hl=en&rclk=1
Cabinet Vétérinaire Benkrinah Abdelkader العيادة البيطرية بن قرينح عبدالقادر,Veterinarian,,,0697 87 56 12,"mairie, Cité Dafri Messaoud 123 Guelma Bouhachana en façe lq",https://www.google.com/maps/place/Cabinet+V%C3%A9t%C3%A9rinaire+Benkrinah+Abdelkader+%D8%A7%D9%84%D8%B9%D9%8A%D8%A7%D8%AF%D8%A9+%D8%A7%D9%84%D8%A8%D9%8A%D8%B7%D8%B1%D9%8A%D8%A9+%D8%A8%D9%86+%D9%82%D8%B1%D9%8A%D9%86%D8%AD+%D8%B9%D8%A8%D8%AF%D8%A7%D9%84%D9%82%D8%A7%D8%AF%D8%B1%E2%80%AD/data=!4m7!3m6!1s0x12f05d02fed4a339:0x46c425a4cda26fe7!8m2!3d36.3075512!4d7.5083828!16s%2Fg%2F11r9kl2q5m!19sChIJOaPU_gJd8BIR52-izaQlxEY?authuser=0&hl=en&rclk=1
Cabinet Vétérinaire Dr Taibi Hemza,Doctor,,,0662 26 53 99,G434+J6J,https://www.google.com/maps/place/Cabinet+V%C3%A9t%C3%A9rinaire+Dr+Taibi+Hemza/data=!4m7!3m6!1s0x12fa8d000c506e83:0x4ab5303a9def3c5b!8m2!3d36.5040713!4d8.1055301!16s%2Fg%2F11ydphhftx!19sChIJg25QDACN-hIRWzzvnTowtUo?authuser=0&hl=en&rclk=1
,,,,,,
CABINET VETERINAIRE YAKHLEF KHAIREEDINE,Veterinarian,,,037 24 01 15,"544Q+88Q, Rue Zidane Derbal",https://www.google.com/maps/place/CABINET+VETERINAIRE+YAKHLEF+KHAIREEDINE/data=!4m7!3m6!1s0x12f0e3cb014e630f:0xf92a441176a5cba0!8m2!3d36.155828!4d7.1383451!16s%2Fg%2F11gf1rfw52!19sChIJD2NOAcvj8BIRoMuldhFEKvk?authuser=0&hl=en&rclk=1
Cabinet Veterinaire Menasria Fateh,Doctor,5.0,1.0,0674 68 78 98,545R+4X4,https://www.google.com/maps/place/Cabinet+Veterinaire+Menasria+Fateh/data=!4m7!3m6!1s0x12f0e3c9e90bf1af:0x7221c6e8bb6b9170!8m2!3d36.1577636!4d7.1424479!16s%2Fg%2F11d_z40z0f!19sChIJr_EL6cnj8BIRcJFru-jGIXI?authuser=0&hl=en&rclk=1
طب وجراحة الحيوانات,Animal hospital,,,,"544Q+CQV, Rue Zidane Derbal",https://www.google.com/maps/place/%D8%B7%D8%A8+%D9%88%D8%AC%D8%B1%D8%A7%D8%AD%D8%A9+%D8%A7%D9%84%D8%AD%D9%8A%D9%88%D8%A7%D9%86%D8%A7%D8%AA%E2%80%AD/data=!4m7!3m6!1s0x12f0e382e4da2073:0x4f8658336440a6c2!8m2!3d36.1561232!4d7.1396464!16s%2Fg%2F11sf169jvt!19sChIJcyDa5ILj8BIRwqZAZDNYhk8?authuser=0&hl=en&rclk=1
Diffallah oqba,Veterinarian,5.0,2.0,0661 41 19 71,·,https://www.google.com/maps/place/Diffallah+oqba/data=!4m7!3m6!1s0x12f091616c29285f:0xe3117b2ae6912935!8m2!3d36.1393568!4d7.5282992!16s%2Fg%2F11clvfntr7!19sChIJXygpbGGR8BIRNSmR5ip7EeM?authuser=0&hl=en&rclk=1
Ani&Vet Hospital,Animal hospital,5.0,4.0,0659 15 45 31,Lotissement N °5,https://www.google.com/maps/place/Ani%26Vet+Hospital/data=!4m7!3m6!1s0x12f0ffb74d0f5275:0x377fda0cd3b9f2d!8m2!3d36.3066275!4d7.1616783!16s%2Fg%2F11v5rb6drw!19sChIJdVIPTbf_8BIRLZ87zaD9dwM?authuser=0&hl=en&rclk=1
Dr.Messaoudi hamdi,Animal hospital,,,0660 65 09 49,"797V+C8C, Rue houilli Aissa",https://www.google.com/maps/place/Dr.Messaoudi+hamdi/data=!4m7!3m6!1s0x12f0f300720e68ef:0x3d44611bfce30fa0!8m2!3d36.2635661!4d7.3932798!16s%2Fg%2F11ltlsdrc2!19sChIJ72gOcgDz8BIRoA_j_BthRD0?authuser=0&hl=en&rclk=1
العيادة البيطرية وسطاني مهدي,Animal hospital,,,,·,https://www.google.com/maps/place/%D8%A7%D9%84%D8%B9%D9%8A%D8%A7%D8%AF%D8%A9+%D8%A7%D9%84%D8%A8%D9%8A%D8%B7%D8%B1%D9%8A%D8%A9+%D9%88%D8%B3%D8%B7%D8%A7%D9%86%D9%8A+%D9%85%D9%87%D8%AF%D9%8A%E2%80%AD/data=!4m7!3m6!1s0x12f0e7bec1a62b23:0x428a3e89126f1e83!8m2!3d36.0829556!4d7.2590611!16s%2Fg%2F11mxq3z_3b!19sChIJIyumwb7n8BIRgx5vEok-ikI?authuser=0&hl=en&rclk=1
Cabinet vétérinaire Dr Ferdes Amin,Veterinarian,,,,"n 01, Rue gargouri Abdallah",https://www.google.com/maps/place/Cabinet+v%C3%A9t%C3%A9rinaire+Dr+Ferdes+Amin/data=!4m7!3m6!1s0x12f0f300728515cf:0x476541caa7d18ed3!8m2!3d36.2648313!4d7.3950169!16s%2Fg%2F11wg4y8zhz!19sChIJzxWFcgDz8BIR047Rp8pBZUc?authuser=0&hl=en&rclk=1
Cabinet vétérinaire Dr Oustani Mehdi,Veterinarian,5.0,1.0,0551 15 20 73,194 rue du 01 Novembre 1954,https://www.google.com/maps/place/Cabinet+v%C3%A9t%C3%A9rinaire+Dr+Oustani+Mehdi/data=!4m7!3m6!1s0x12f0e760625d5e29:0x73881c1ed63015c4!8m2!3d36.0829414!4d7.2591107!16s%2Fg%2F11q3yh2nmh!19sChIJKV5dYmDn8BIRxBUw1h4ciHM?authuser=0&hl=en&rclk=1
Allô vet cabinet vétérinaire عيادة بيطرية,Animal hospital,4.0,2.0,0675 05 51 73,Macomades,https://www.google.com/maps/place/All%C3%B4+vet+cabinet+v%C3%A9t%C3%A9rinaire+%D8%B9%D9%8A%D8%A7%D8%AF%D8%A9+%D8%A8%D9%8A%D8%B7%D8%B1%D9%8A%D8%A9%E2%80%AD/data=!4m7!3m6!1s0x12f0d70f730fe1f3:0xb3c8cd496ed42a60!8m2!3d35.8724291!4d7.096893!16s%2Fg%2F11tdj4zzkn!19sChIJ8-EPcw_X8BIRYCrUbknNyLM?authuser=0&hl=en&rclk=1
Cabinet vétérinaire el rahma,Animal hospital,5.0,1.0,0674 12 19 20,"3RG9+PH7, Unnamed Road",https://www.google.com/maps/place/Cabinet+v%C3%A9t%C3%A9rinaire+el+rahma/data=!4m7!3m6!1s0x12fa756838f5995d:0xb6885992dbd35a13!8m2!3d36.0767878!4d7.818928!16s%2Fg%2F11fv4fh3w4!19sChIJXZn1OGh1-hIRE1rT25JZiLY?authuser=0&hl=en&rclk=1
عيادة بوعكاز البيطرية,Veterinarian,5.0,1.0,0663 70 61 99,·,https://www.google.com/maps/place/%D8%B9%D9%8A%D8%A7%D8%AF%D8%A9+%D8%A8%D9%88%D8%B9%D9%83%D8%A7%D8%B2+%D8%A7%D9%84%D8%A8%D9%8A%D8%B7%D8%B1%D9%8A%D8%A9%E2%80%AD/data=!4m7!3m6!1s0x12f0dbd689e78631:0xab2ced6e6ca1c328!8m2!3d35.9419277!4d7.1909823!16s%2Fg%2F11j1mj_1fx!19sChIJMYbnidbb8BIRKMOhbG7tLKs?authuser=0&hl=en&rclk=1
عيادة بيطرية هضام نوح,Animal hospital,4.3,4.0,,6WFW+V88,https://www.google.com/maps/place/%D8%B9%D9%8A%D8%A7%D8%AF%D8%A9+%D8%A8%D9%8A%D8%B7%D8%B1%D9%8A%D8%A9+%D9%87%D8%B6%D8%A7%D9%85+%D9%86%D9%88%D8%AD%E2%80%AD/data=!4m7!3m6!1s0x12f11ac89a59a1c5:0x772fe08600239042!8m2!3d36.2246664!4d6.94583!16s%2Fg%2F11g9d3mm0g!19sChIJxaFZmsga8RIRQpAjAIbgL3c?authuser=0&hl=en&rclk=1
Vétérinaires ' messaid,Animal hospital,4.7,3.0,0772 82 81 51,Q9WR+JV3,https://www.google.com/maps/place/V%C3%A9t%C3%A9rinaires+%27+messaid/data=!4m7!3m6!1s0x12f0c912c3dc88b9:0x3bf5b7d0dfa990af!8m2!3d35.7965025!4d7.3921687!16s%2Fg%2F11qvgyysdt!19sChIJuYjcwxLJ8BIRr5Cp39C39Ts?authuser=0&hl=en&rclk=1
clinique veterinaire de BENSEBTI ISHAK,Animal hospital,5.0,12.0,0557 49 07 84,·,https://www.google.com/maps/place/clinique+veterinaire+de+BENSEBTI+ISHAK/data=!4m7!3m6!1s0x12f3da64456d1405:0xcf26b50e2e15f310!8m2!3d36.2570838!4d6.2872549!16s%2Fg%2F11fzx0vmzv!19sChIJBRRtRWTa8xIREPMVLg61Js8?authuser=0&hl=en&rclk=1
Cabinet vétérinaire Dr. Ghafour,Veterinarian,5.0,4.0,0672 72 02 87,·,https://www.google.com/maps/place/Cabinet+v%C3%A9t%C3%A9rinaire+Dr.+Ghafour/data=!4m7!3m6!1s0x12f3dbf557309fe3:0x3cdb6f7017d50d02!8m2!3d36.2487918!4d6.2826185!16s%2Fg%2F11t9y062f4!19sChIJ458wV_Xb8xIRAg3VF3Bv2zw?authuser=0&hl=en&rclk=1
Dr. vétérinaire CA,Veterinarian,5.0,1.0,0780 23 74 40,67XW+J7C,https://www.google.com/maps/place/Dr.+v%C3%A9t%C3%A9rinaire+CA/data=!4m7!3m6!1s0x12f3db226fe9f7b5:0x5a9baa62dc3c6b50!8m2!3d36.2490694!4d6.2956364!16s%2Fg%2F11vlt0zlxf!19sChIJtffpbyLb8xIRUGs83GKqm1o?authuser=0&hl=en&rclk=1
Cabinet vèterinaire. Dr siouane,Veterinarian,,,,"2JG2+GQ8, W2",https://www.google.com/maps/place/Cabinet+v%C3%A8terinaire.+Dr+siouane/data=!4m7!3m6!1s0x12f097002f5cc6c3:0xe932fbb0ac2c03c!8m2!3d36.0268294!4d7.6016811!16s%2Fg%2F11wj99s0n0!19sChIJw8ZcLwCX8BIRPMDCCrsvkw4?authuser=0&hl=en&rclk=1
Clinique veterinaire boumaraf,Veterinarian,5.0,2.0,0667 77 69 81,·,https://www.google.com/maps/place/Clinique+veterinaire+boumaraf/data=!4m7!3m6!1s0x12f147256a2e1bc3:0xde40cd77eb32a9bb!8m2!3d35.9364362!4d6.7415935!16s%2Fg%2F11s8fc0ggm!19sChIJwxsuaiVH8RIRu6ky63fNQN4?authuser=0&hl=en&rclk=1
Cabinet vétérinaire Oussama,Veterinarian,,,,8R9H+GVV,https://www.google.com/maps/place/Cabinet+v%C3%A9t%C3%A9rinaire+Oussama/data=!4m7!3m6!1s0x12f10d00268f9d93:0xdb5548ebb1d9da45!8m2!3d36.3188575!4d6.8296709!16s%2Fg%2F11lnm6dy3p!19sChIJk52PJgAN8RIRRdrZsetIVds?authuser=0&hl=en&rclk=1
طبيب بيطري د. برحال عبد القادر طب و جراحة الحيوانات,Animal hospital,5.0,2.0,0662 00 57 73,"3RF9+HGG, N81A",https://www.google.com/maps/place/%D8%B7%D8%A8%D9%8A%D8%A8+%D8%A8%D9%8A%D8%B7%D8%B1%D9%8A+%D8%AF.+%D8%A8%D8%B1%D8%AD%D8%A7%D9%84+%D8%B9%D8%A8%D8%AF+%D8%A7%D9%84%D9%82%D8%A7%D8%AF%D8%B1+%D8%B7%D8%A8+%D9%88+%D8%AC%D8%B1%D8%A7%D8%AD%D8%A9+%D8%A7%D9%84%D8%AD%D9%8A%D9%88%D8%A7%D9%86%D8%A7%D8%AA%E2%80%AD/data=!4m7!3m6!1s0x12fa7500287a8d89:0x906564b6ffa33962!8m2!3d36.0739645!4d7.8186813!16s%2Fg%2F11y16s3c28!19sChIJiY16KAB1-hIRYjmj_7ZkZZA?authuser=0&hl=en&rclk=1
Cabinet Vétérinaire l'Espoir II (Dr. CHEKATI),Veterinarian,,,0666 94 19 53,"En face lycée Souaihia, El Barnous El Barnous",https://www.google.com/maps/place/Cabinet+V%C3%A9t%C3%A9rinaire+l%27Espoir+II+%28Dr.+CHEKATI%29/data=!4m7!3m6!1s0x12f08743fd76a533:0x4a8efb5c3eb1eed5!8m2!3d36.3422601!4d7.6402144!16s%2Fg%2F11r_mhjcvd!19sChIJM6V2_UOH8BIR1e6xPlz7jko?authuser=0&hl=en&rclk=1
Cabinet Vétérinaire DIB ALA,Veterinarian,,,0696 00 07 45,·,https://www.google.com/maps/place/Cabinet+V%C3%A9t%C3%A9rinaire+DIB+ALA/data=!4m7!3m6!1s0x12f085005db73de3:0xa581d3a160f3d910!8m2!3d36.1944039!4d7.6540465!16s%2Fg%2F11wwvthqkw!19sChIJ4z23XQCF8BIRENnzYKHTgaU?authuser=0&hl=en&rclk=1
Cabinet vétérinaire Dr Souaki Mohammed Atif عيادة بيطرية دكتور سواقي محمد عاطف,Animal hospital,,,0697 41 00 08,G6WH+JV5,https://www.google.com/maps/place/Cabinet+v%C3%A9t%C3%A9rinaire+Dr+Souaki+Mohammed+Atif+%D8%B9%D9%8A%D8%A7%D8%AF%D8%A9+%D8%A8%D9%8A%D8%B7%D8%B1%D9%8A%D8%A9+%D8%AF%D9%83%D8%AA%D9%88%D8%B1+%D8%B3%D9%88%D8%A7%D9%82%D9%8A+%D9%85%D8%AD%D9%85%D8%AF+%D8%B9%D8%A7%D8%B7%D9%81%E2%80%AD/data=!4m7!3m6!1s0x12f051003423f7a9:0x74cfe35b29f6ed8a!8m2!3d36.5465211!4d7.2297415!16s%2Fg%2F11vxx09mb7!19sChIJqfcjNABR8BIRiu32KVvjz3Q?authuser=0&hl=en&rclk=1
